Type,Name,Request Count,Failure Count,Median Response Time,Average Response Time,Min Response Time,Max Response Time,Average Content Size,Requests/s,Failures/s,50%,66%,75%,80%,90%,95%,98%,99%,99.9%,99.99%,100%
GET,/api/v1/user/admin/allUsers?page=1,4304,752,3200.0,16686.562710106868,4.337799999120762,86153.15629999895,2175.434944237918,9.219320347836494,1.6108106183952238,3200,23000,36000,39000,48000,58000,62000,68000,74000,86000,86000
POST,/api/v1/user/login,1000,68,41000.0,40873.17146690001,718.9868000004935,80579.83940000122,606.732,2.1420353968021595,0.14565840698254684,41000,54000,69000,71000,73000,75000,76000,80000,81000,81000,81000
,Aggregated,5304,820,6700.0,21246.63223438913,4.337799999120762,86153.15629999895,1879.6764705882354,11.361355744638653,1.7564690253777706,6700,35000,39000,43000,58000,69000,73000,75000,80000,86000,86000
