Type,Name,Request Count,Failure Count,Median Response Time,Average Response Time,Min Response Time,Max Response Time,Average Content Size,Requests/s,Failures/s,50%,66%,75%,80%,90%,95%,98%,99%,99.9%,99.99%,100%
POST,/api/v1/book/add,120,6,680.0,720.0709449999218,60.08330000076967,2961.6449999994074,16093.383333333333,0.2600546233645155,0.013002731168225774,680,740,790,840,960,1000,1200,1400,3000,3000,3000
POST,/api/v1/user/login,1,0,815.2910000007978,815.2910000007978,815.2910000007978,815.2910000007978,619.0,0.0021671218613709626,0.0,820,820,820,820,820,820,820,820,820,820,820
,Aggregated,121,6,680.0,720.8578876032349,60.08330000076967,2961.6449999994074,15965.495867768595,0.2622217452258864,0.013002731168225774,680,740,790,820,950,1000,1200,1400,3000,3000,3000
