Type,Name,Request Count,Failure Count,Median Response Time,Average Response Time,Min Response Time,Max Response Time,Average Content Size,Requests/s,Failures/s,50%,66%,75%,80%,90%,95%,98%,99%,99.9%,99.99%,100%
POST,/api/v1/book/add,132,3,670.0,684.0022719698027,8.714099998542224,1291.377100000318,16229.371212121212,0.2813512172239512,0.00639434584599889,670,710,720,730,830,980,1100,1300,1300,1300,1300
POST,/api/v1/user/login,1,0,862.3076000003493,862.3076000003493,862.3076000003493,862.3076000003493,621.0,0.002131448615332963,0.0,860,860,860,860,860,860,860,860,860,860,860
,Aggregated,133,3,670.0,685.3429135339421,8.714099998542224,1291.377100000318,16112.015037593985,0.2834826658392841,0.00639434584599889,670,710,720,740,850,980,1100,1300,1300,1300,1300
