Type,Name,Request Count,Failure Count,Median Response Time,Average Response Time,Min Response Time,Max Response Time,Average Content Size,Requests/s,Failures/s,50%,66%,75%,80%,90%,95%,98%,99%,99.90%,99.99%,100%
GET,/api/v1/user/librarian/allUsers?page=1,25870.00,3289.00,1700,7658.8616966679765,5.7822999988275114,72288.39789999984,178.0643216080402,81.18747656799803,10.32182491040377,1700,8600,13000,16000,22000,26000,37000,50000,63000,70000,72000
POST,/api/v1/user/login,2473.00,1413.00,33000,31997.29843610996,750.8001999995031,73795.7662,265.3214719,7.760982974590612,4.434399087382343,33000,39000,41000,43000,50000,71000,72000,72000,73000,74000,74000
,Aggregated,28343.00,4702.00,2200,9782.453202741479,5.7822999988275114,73795.7662,185.67773347916594,88.94845954258865,14.756223997786114,2200,11000,16000,19000,26000,38000,49000,58000,72000,73000,74000
